PUBLISHED_DATE,SUBDESCRIPTION,TITLE,TEXT,CHARACTER_COUNT,TAGS,TAGS_COUNT,EMOJIS,EMOJIS_COUNT,VIEWS,COMMENTS,LIKES,SHARES,ENGAGEMENT_SCORE,text_snip
2022-05-12 21:06:17+00:00,4 days ago,"If youâ€™re ok with always feeling like you know nothing, then you know youâ€™ll make a good data professional ğŸ‘","If youâ€™re ok with always feeling like you know nothing, then you know youâ€™ll make a good data professional ğŸ‘

But if youâ€™re actually EXCITED about all the things you donâ€™t know, well thatâ€™s how you know youâ€™ll make a great one ğŸ™Œ

â€¦so by these definitions Iâ€™m a mediocre-almost-good data person because knowing nothing scares me a lot most days, and thatâ€™s ok ğŸ˜Œ


#data
#careers
#datascience",381,#data #careers #datascience,3.0,"ğŸ‘, ğŸ™Œ, ğŸ˜Œ",3.0,14928,53,170,0,0.0149,If youâ€™re ok with always 
2022-05-11 21:33:00+00:00,5 days ago,The SCARIEST moment of my career happened recently,"The SCARIEST moment of my career happened recently

When I had to live code in front of our clientâ€™s VPs of engineering (who have been at the company for longer than Iâ€™ve been alive) as they demanded SQL queries on the fly ğŸ˜–

I only messed up like 3 times, but I did NOT die from humiliation. Who knows, maybe one day Iâ€™ll be brave enough to do that again ğŸ¥²


#coding
#SQL
#engineering",376,#coding #SQL #engineering,3.0,"ğŸ˜–, ğŸ¥²",2.0,68577,77,596,0,0.0098,The SCARIEST moment of my
2022-05-10 11:17:53+00:00,6 days ago,"Whatâ€™s the best, most underrated way to improve your coding skills??","Whatâ€™s the best, most underrated way to improve your coding skills??

âœ¨TAKE HOME ASSIGNMENTSâœ¨

Better than projects, courses, certifications or even on-the-job training in my opinion ğŸ˜±

Most people find them annoying (and some lunatics even prefer live-coding during interviews) but I think take-homes given to you during an interview process force you to learn a lot, very quickly ğŸ“ˆ

The questions asked and data provided are deliberately vague and messy to mimic the work youâ€™d actually do on the job, so youâ€™re forced to get your hands dirty in a way that structured courses donâ€™t allow you to do ğŸ”¢

But you also have the added pressure of a deadline, which means you canâ€™t spin your wheels for too long like you would on a longer-term project you do for a company or for yourself â±

Lastly, unlike live-coding interviews, you usually can use any resource to look up syntax and concepts, and we all know learning how to code comes from Googling/StackOverflow ğŸ™Œ 

Do you prefer take-home assignments or live-coding interviews? ğŸ¤”


#coding
#interview
#learning",1042,#coding #interview #learning,3.0,"âœ¨, âœ¨, ğŸ˜±, ğŸ“ˆ, ğŸ”¢, â±, ğŸ™Œ, ğŸ¤”",8.0,16347,43,98,0,0.0086,"Whatâ€™s the best, most und"
2022-05-05 11:15:12+00:00,1 week ago,Does anyone else ALWAYS forget to add â€œdescâ€ in the ORDER BY clause of a SQL query when trying to sort a column by descending order?? Asking for a friend ğŸ™ƒ,"Does anyone else ALWAYS forget to add â€œdescâ€ in the ORDER BY clause of a SQL query when trying to sort a column by descending order?? Asking for a friend ğŸ™ƒ


#SQL
#data
#coding",171,#SQL #data #coding,3.0,ğŸ™ƒ,1.0,26661,104,198,0,0.0113,Does anyone else ALWAYS f
2022-05-03 11:20:10+00:00,1 week ago,"â€œMegan, what courses/certifications would you recommend to break into data analytics?â€","â€œMegan, what courses/certifications would you recommend to break into data analytics?â€

NONE. 

I get asked this question pretty oftenâ€”while I think any online course is great for learning the basics, I truly believe hands-on project experience will always be superior in getting you that data role at the end of the day. 

Sure, I have the Google Data Analytics certificate and some LinkedIn badges, but do I think they were very useful at signaling my value as a potential hire? NOPE. (In fact, I actually completed the Google cert AFTER I got hired) ğŸ™…ğŸ»â€â™€ï¸

What DID get me hired was one fateful #PowerBI project I did while still working as a financial analyst, and being able to speak about the QUANTIFIABLE IMPACT of that project by communicating it in STAR format ğŸŒŸ

But if you havenâ€™t been able to do actual data analytics projects in your current role, this is what I recommend instead of reaching for the popular data certification everyone posts about on LinkedIn:

ğŸ‘‰ Work with data/tools you already have at your company (e.g. I used good olâ€™ Excel to analyze financial data at my old job)
ğŸ‘‰ Find projects on Kaggle (e.g. I started with the trusty Titanic dataset)
ğŸ‘‰ Analyze personal data (e.g. I visualized powerlifting competition stats)
ğŸ‘‰ Research a topic youâ€™re interested in (e.g. I scraped and analyzed Zillow home price data)

Then, shoutout your DIY data project here on LinkedIn, GitHub or Tableau Public, and voila, a much better way of showing off that you can not only learn, but do as well ğŸ‘


#data
#analytics
#dataanalytics",1527,#PowerBI #data #analytics #dataanalytics,4.0,"ğŸ™…ğŸ»â€â™€ï¸, ğŸŒŸ, ğŸ‘‰, ğŸ‘‰, ğŸ‘‰, ğŸ‘‰, ğŸ‘",7.0,105275,69,456,0,0.005,"â€œMegan, what courses/cert"
2022-04-29 11:20:27+00:00,2 weeks ago,LinkedIn sneaking in an extra month to the length of our experiences is their small way of saying to our careers â€œI gotchu famâ€ ğŸ˜‰,"LinkedIn sneaking in an extra month to the length of our experiences is their small way of saying to our careers â€œI gotchu famâ€ ğŸ˜‰



#careers
#personalbranding
#linkedin",163,#careers #personalbranding #linkedin,3.0,ğŸ˜‰,1.0,8303,15,53,0,0.0082,LinkedIn sneaking in an e
2022-04-27 11:18:16+00:00,2 weeks ago,Me: *Starts sharing screen*,"Me: *Starts sharing screen*

*Immediately forgets what a SQL is*


#sql 
#coding
#datascience",86,#sql #coding #datascience,3.0,,0.0,14226,55,345,0,0.0281,Me: *Starts sharing scree
2022-04-26 11:15:58+00:00,2 weeks ago,I broke 10k followers on here last week! ğŸ‰,"I broke 10k followers on here last week! ğŸ‰

But does that mean Iâ€™m any smarter or worthier of a person just because that metric has surpassed some arbitrary number? Nope ğŸ‘ 

Does that mean Iâ€™ve obtained some higher level of authority or competence in my field just because Iâ€™ve reached that 5-digit mark? Also nope ğŸ™…ğŸ»â€â™€ï¸

Social media is such a powerful tool (like seriously, I love it) but never forget that itâ€™s also all about perception ğŸ˜µâ€ğŸ’«

Based on the vanity metrics of followers, reactions, comments, it could seem like I know so much about the tools and concepts I post about, but Iâ€™m honestly barely scratching the surface of all the things I hope to learn in my field one day ğŸ¤©

Along the way, Iâ€™m just writing about the things I find frustrating or confusing or funny, and as more and more people have been relating to it, Iâ€™ve just continued rolling with it! âœï¸

Iâ€™m still the same Megan I was before the â€œfollowing,â€ just even more grateful for the support these days ğŸ™


#contentstrategy
#personalbranding
#careers",1011,#contentstrategy #personalbranding #careers,3.0,"ğŸ‰, ğŸ‘, ğŸ™…ğŸ»â€â™€ï¸, ğŸ˜µâ€ğŸ’«, ğŸ¤©, âœï¸, ğŸ™",7.0,11495,27,101,0,0.0111,I broke 10k followers on 
2022-04-21 11:35:19+00:00,3 weeks ago,"Me at 9 PM last night: â€œIâ€™m just a girl staring at the same R code for the last 8 hours straight, asking it to be Python or SQL insteadâ€","Me at 9 PM last night: â€œIâ€™m just a girl staring at the same R code for the last 8 hours straight, asking it to be Python or SQL insteadâ€

This is not a post knocking R at all, it is one knocking my own coding abilities. I post plenty about Python and SQL, but never about R because honestly, I stink at it. 

Iâ€™ve been working on a project where all of the analyses are done in R, and all the team members are R-proâ€™s except me. This engagement was expected to be a fast turnaround, but it was slowed down because of me. There were so many times when I was completely stumped by the simplest ask because I just didnâ€™t know how to code it 

Iâ€™d spend so long just looking up the documentation to even know where to begin, and would feel like such a burden for every one of the stupid questions Iâ€™d ask my Director, or even the Associates â€œunderâ€ meâ€“â€œIâ€™m not sure why this isnâ€™t workingâ€¦â€

And in all of those moments, I felt like the teamâ€™s crutch, an imposter, a complete failure, you name it.

BUT, a year ago, I felt the same exact way about picking up Python and SQL. Overcoming those feelings didnâ€™t take a week or even a monthâ€“heck I still feel that way at least once a week now. I never stopped back then, and I sure as heck am not stopping now.

Post inspired by Alex Nguyenâ€™s latest one about failure, so give him a follow if youâ€™ve enjoyed posts like mine!


#sql 
#python 
#R",1368,#sql #python,2.0,,0.0,36956,44,277,0,0.0087,Me at 9 PM last night: â€œI
2022-04-19 11:19:50+00:00,3 weeks ago,"A career in data is constantly switching between thoughts of â€œNice, I didnâ€™t have to google thatâ€ and â€œGoogle is my best friend!!â€ until you retire.","A career in data is constantly switching between thoughts of â€œNice, I didnâ€™t have to google thatâ€ and â€œGoogle is my best friend!!â€ until you retire.


#googlingisaskill
#data 
#anaytics",180,#googlingisaskill #data #anaytics,3.0,,0.0,21032,41,256,0,0.0141,A career in data is const
2022-04-14 11:21:25+00:00,1 month ago,How to instantly look like you know what youâ€™re doing when coding:,"How to instantly look like you know what youâ€™re doing when coding:

Switch to dark mode ğŸ˜


#coding
#programming
#python",113,#coding #programming #python,3.0,ğŸ˜,1.0,42629,104,289,0,0.0092,How to instantly look lik
2022-04-12 11:17:53+00:00,1 month ago,"Sometimes I code in Python, R and SQL all in the same day, and now I can start to empathize with people who have to converse and think in different languages everyday ğŸ˜³","Sometimes I code in Python, R and SQL all in the same day, and now I can start to empathize with people who have to converse and think in different languages everyday ğŸ˜³


#coding
#python
#sql",186,#coding #python #sql,3.0,ğŸ˜³,1.0,149900,106,1474,0,0.0105,Sometimes I code in Pytho
2022-04-07 11:17:17+00:00,1 month ago,Me: *Loves getting her hands dirty with messy data*,"Me: *Loves getting her hands dirty with messy data*

Also me: *Hates actually getting her hands dirty with anything physically messy in real life*


#data
#analytics
#careers",167,#data #analytics #careers,3.0,,0.0,25462,29,186,0,0.0084,Me: *Loves getting her ha
2022-04-05 11:13:45+00:00,1 month ago,How did I get 5.6m views and 48k reactions on my last post??,"How did I get 5.6m views and 48k reactions on my last post??

(Seriously LinkedIn algorithm, please answer for yourself because I really need to know how)

At the end of 2021, I had one ğŸš€ post that made me actually want to give this â€œconsistent postingâ€ thing a try (or as some people liked to poke fun as â€œLinkedIn influencingâ€, â€œselling outâ€, etc.).

Since then, Iâ€™ve been sharing posts about my journey into dataâ€“both its ups and its downsâ€“because thatâ€™s just the content I love seeing on my own feed.

Iâ€™ve had some posts perform really well, others really badly, and then one that somehow ended up getting more impressions than all of my previous posts COMBINED (still in shock ğŸ˜­)

But while itâ€™s really cool watching the vanity metrics go up ğŸ“ˆ there has to be something that keeps you going when you post, only get <20 pity likes and a bruised ego ğŸ“‰ (my deepest thanks to the pity-likers, they are the real ones).

For me, Iâ€™ve realized that thing that keeps me going is meeting like-minded folks who are as passionate about this field as I am, and building genuine relationships with them.

To all the people who have supported me through my more â€œpopularâ€ posts, but have also tolerated me through my lamer ones, thank you ğŸ™ 


#contentstrategy
#personalbranding
#networking",1263,#contentstrategy #personalbranding #networking,3.0,"ğŸš€, ğŸ˜­, ğŸ“ˆ, ğŸ“‰, ğŸ™",5.0,62383,96,494,0,0.0095,How did I get 5.6m views 
2022-03-29 11:17:08+00:00,1 month ago,Slowly overcoming imposter syndrome has looked like this for me:,"Slowly overcoming imposter syndrome has looked like this for me:

My manager:

Sharing their screen while live coding, gets stuck on how to write the next line, and kind of expects that Iâ€™ll contribute some ideas...


Me when I first started (thought I knew nothing so I didnâ€™t want to embarrass myself):

*crickets* ğŸ˜¶


Me after I started getting my bearings (heart racing from nervousness, but now willing to take a stab at it):

â€œWould it be XYZâ€¦?â€ ğŸ¤·ğŸ»â€â™€ï¸


Me a few months ago (finally using statements instead of questions):

â€œI think itâ€™s XYZ.â€ ğŸ¤”


Me today (probably only 70% sure, but at least now willing to firmly stand by the answers I give):Â 

â€œIt should be XYZ.â€ ğŸ˜


I firmly believe that imposter syndrome is not something that goes away fully in mere months or even years, but sometimes itâ€™s the little things like these that show you youâ€™re heading in the right direction.


#impostersyndrome
#careers
#analytics",895,#impostersyndrome #careers #analytics,3.0,"ğŸ˜¶, ğŸ¤·ğŸ»â€â™€ï¸, ğŸ¤”, ğŸ˜",4.0,45595,28,293,0,0.007,Slowly overcoming imposte
2022-03-24 12:22:58+00:00,1 month ago,I once had a recruiting experience SO bad that I honestly wish the recruiter would have ghosted me insteadâ€¦,"I once had a recruiting experience SO bad that I honestly wish the recruiter would have ghosted me insteadâ€¦

Said recruiter never sent me emails during regular business hoursâ€”he probably only ever emailed me once before 10 PM. He also FORGOT to schedule my final round interviews and didnâ€™t do so until the hiring manager stepped in. But I brushed aside every single warning sign because I was so excited and grateful for the opportunity

A week after a final round interview with the company, the recruiter emailed me saying â€œI had the chance to catch up with the team and I have an update for you! Are you free to chat between 5-6 PM tomorrow? I hope to hear from you soon!â€ (exact words and punctuation)

The day of, he confirmed heâ€™ll give me a call. Buzzing with excitement based on the language and how eager he was to catch me, I eagerly waited by my phone at the suggested time with my heart poundingâ€¦

Only to be ghosted and receive no response to any follow-up emails until 11 pm that night. Apologetic, he asked to reschedule and I proposed to meet at the same time the next day.

No response to my suggested time all day until the time comes and goes, so I sent yet another follow-up email. He finally responds, saying heâ€™ll call me in an hour. 

Again, I assumed based on his eagerness to talk with me over the phone that itâ€™s an offerâ€“he could just send me an email, or even ghost me, if it was a no, right?

Two and a half hours passed, I finally received his call and felt like I could breathe for the first time in 3 days

â€œThe team absolutely loved your presentation, but unfortunatelyâ€¦â€

Shocked and confused as to why this wasnâ€™t an email (even just an auto-generated one!) instead of stringing me along for 3 days, I vowed to never be that presumptuous again when it comes to something as unpredictable as the job search. Never assume you have an offer until you have it in writing.

But I also vowed to never ignore red flags in an interview process again. I had written off all of my previous apprehensions as â€œpeople get busyâ€ when I should have seen the warning signs as a lack of consideration for candidatesâ€™ time.


#interview
#jobsearch
#recruiting",2152,#interview #jobsearch #recruiting,3.0,,0.0,40732,29,138,0,0.0041,I once had a recruiting e
2022-03-22 12:12:42+00:00,1 month ago,"The coolest thing about coding is that no matter how simple, crazy, complex or random of a thing you want to build, SOMEONE out there has created a package or function to help you do it","The coolest thing about coding is that no matter how simple, crazy, complex or random of a thing you want to build, SOMEONE out there has created a package or function to help you do it

No matter how big, small, specific, or seemingly-stupid your question, SOMEONE out there has asked it on StackOverflow or somewhere else on the internet before

Itâ€™s a very humbling thought, that thereâ€™s an infinite amount of much smarter people out there paving the way and doing things with code that I could never even dream of or comprehend ğŸ˜µâ€ğŸ’«

But itâ€™s also a comforting and inspiring realization, that they all started by asking the same basic questions I ask the internet everyday about syntax, data structures, environment setup, etc., and Iâ€™m never really alone in this learning journey ğŸ™


#data
#coding
#python",798,#data #coding #python,3.0,"ğŸ˜µâ€ğŸ’«, ğŸ™",2.0,19377,36,133,0,0.0087,The coolest thing about c
2022-03-17 12:19:33+00:00,2 months ago,How I made the transition to a data role with a non-target degree and 0 prior experience:,"How I made the transition to a data role with a non-target degree and 0 prior experience:



First and foremost âœ¨PROJECT EXPERIENCEâœ¨

I had done just one somewhat relevant project before using Power BI in my previous role, so best believe I milked it. Namely, I used the STAR format and specifically communicated the BUSINESS IMPACT it achieved, and highlighted the specific process and tools used to accomplish it.


Second: âœ¨NETWORKINGâœ¨

I connected with someone from the team I was targeting, and fostered a genuine relationship with him with 0 expectations of any referral. I spent so much time talking to folks in the industry just learning about what even is a role in data analytics, and along the way received a few referrals that happened to pan out. 


Lastly, demonstrating âœ¨TRANSFERABLE SKILLSâœ¨

Even if you donâ€™t have the specific technical skills recommended, chances are you can pick out at least a few transferable ones that can bridge the gap to the skills the role is looking for. I highlighted the quantitative and storytelling skills I used in my role as a financial analyst in my interviews, and spun them to apply to the the context of this role.


Bonus factor: a little bit of âœ¨LUCKâœ¨

Part of me still thinks I got here by just being in the right place at the right time. So for those who are still trying to make the transition and doing all of the above, keep at it because your one yes WILL come ğŸ’¯


#career
#data
#analytics",1425,#career #data #analytics,3.0,"âœ¨, âœ¨, âœ¨, âœ¨, âœ¨, âœ¨, âœ¨, âœ¨, ğŸ’¯",9.0,9506,18,111,0,0.0136,How I made the transition
2022-03-15 12:28:27+00:00,2 months ago,"I donâ€™t always live life on the edge but sometimes, once in a blue moon, when Iâ€™m feeling REALLY boldâ€¦","I donâ€™t always live life on the edge but sometimes, once in a blue moon, when Iâ€™m feeling REALLY boldâ€¦

Iâ€™ll write code without any help from StackOverflow on my first try, and then I just run it and pray.

8.5 times out of 10 my notebook will laugh at my cockiness and give me an error

But MAN what a rush it is in the split seconds between hitting Run and getting my output ğŸ¤©


#coding
#programming
#Python",398,#coding #programming #Python,3.0,ğŸ¤©,1.0,6017,6,64,0,0.0116,I donâ€™t always live life 
2022-03-09 13:25:54+00:00,2 months ago,"Celebrated another year around the sun this past weekend, and reflected on what an amazing past year itâ€™s been ğŸ‰","Celebrated another year around the sun this past weekend, and reflected on what an amazing past year itâ€™s been ğŸ‰

This was the year I found a career I love, and in the process, also a whole new Megan. To all the people who have connected with me and supported me along the way, thank you â¤ï¸


#career
#thankyou 
#analytics",315,#career #thankyou #analytics,3.0,"ğŸ‰, â¤ï¸",2.0,14005,46,212,0,0.0184,Celebrated another year a
2022-03-03 13:23:48+00:00,2 months ago,7ï¸âƒ£ months of progress looks like this for an early-career data analytics professional:,"7ï¸âƒ£ months of progress looks like this for an early-career data analytics professional:

New tools and concepts that used to take me months to grasp now take me weeks to pick up ğŸ”¨

Code that used to take me weeks to write now takes me days ğŸ”¢

Dashboards that used to take me days to create now take me hours ğŸ“Š

Errors that used to take me hours to debug now take me minutes ğŸ§

Queries that used to take me minutes to figure out now take me seconds ğŸ”

But for every 7 months of progress accomplished in an early data career, I know thereâ€™s a lifetime of learning still to come ğŸ™


#data
#analytics
#dataanalytics",594,#data #analytics #dataanalytics,3.0,"ğŸ”¨, ğŸ”¢, ğŸ“Š, ğŸ§, ğŸ”, ğŸ™",6.0,14836,20,217,0,0.016,7ï¸âƒ£ months of progress lo
2022-03-01 13:17:25+00:00,2 months ago,How to make 5 week days feel like 1:,"How to make 5 week days feel like 1:

1. Have a deadline at the end of your week

2. Tell yourself that you have plenty of time and that youâ€™ll space out the preparation evenly throughout the week

3. End up procrastinating anyway and next thing you know itâ€™s already Friday!

Works like a charm every single week ğŸ‘Œ


#productivity
#timemanagement
#careeradvice",348,#productivity #timemanagement #careeradvice,3.0,ğŸ‘Œ,1.0,3570,11,32,0,0.012,How to make 5 week days f
2022-02-24 13:16:43+00:00,2 months ago,"True story: the day before my first analytics technical interview, I googled â€œtop SQL interview questionsâ€ and thought I was prepared ğŸ™ƒ","True story: the day before my first analytics technical interview, I googled â€œtop SQL interview questionsâ€ and thought I was prepared ğŸ™ƒ

â€¦and still managed to get the question â€œwhatâ€™s the difference between a left join and an inner join?â€ wrong ğŸ˜¬

I had completely underestimated SQL because a friend told me â€œItâ€™s easy. Itâ€™s literally just SELECT FROM WHEREâ€ ğŸ¤·ğŸ»â€â™€ï¸

Fast forward to today, after 6 months of coding in SQL everyday, I feel like Iâ€™m still underestimating how powerful and complex the tool is ğŸ˜µâ€ğŸ’«

Iâ€™m still googling so many things and getting queries wrong. But with every new concept I learn, I realize how much more there is to learn ğŸ˜¦

PS: That fateful question I messed up brought me to where I am today, because I still got the job somehow ğŸ˜…


#sql 
#analytics
#dataanalytics",780,#sql #analytics #dataanalytics,3.0,"ğŸ™ƒ, ğŸ˜¬, ğŸ¤·ğŸ»â€â™€ï¸, ğŸ˜µâ€ğŸ’«, ğŸ˜¦, ğŸ˜…",6.0,50865,89,597,0,0.0135,True story: the day befor
2022-02-22 13:14:48+00:00,2 months ago,Tell me you work in data without telling me you work in data ğŸ‘‡ğŸ¼,"Tell me you work in data without telling me you work in data ğŸ‘‡ğŸ¼

Iâ€™ll go first:

1. I often catch myself thinking in SELECTâ€¦ FROMâ€¦ WHEREâ€¦ statements while doing everyday tasks ğŸ¤”

2. When at the gym, I track all my lifts in a spreadsheet thatâ€™s pulled into a dashboard visualizing my total volume and predicted 1 rep maxes over time ğŸ”¢

3. I pronounce it data, not data ğŸ¤“


#data
#analytics
#datascience",388,#data #analytics #datascience,3.0,"ğŸ‘‡ğŸ¼, ğŸ¤”, ğŸ”¢, ğŸ¤“",4.0,25947,82,128,0,0.0081,Tell me you work in data 
2022-02-15 13:23:30+00:00,3 months ago,Spent my Valentineâ€™s Day night programming so this was the love letter I wrote to my Python code last night ğŸ’Œ,"Spent my Valentineâ€™s Day night programming so this was the love letter I wrote to my Python code last night ğŸ’Œ

Roses are red
Violets are blue
Do you think of me
As much as I neurotically think of you? ğŸ¥€


#python  
#coding
#datascience",225,#python #coding #datascience,3.0,"ğŸ’Œ, ğŸ¥€",2.0,13187,27,93,0,0.0091,Spent my Valentineâ€™s Day 
2022-02-10 13:18:07+00:00,3 months ago,What goes on in my brain while coding:,"What goes on in my brain while coding:

1. â€œI canâ€™t figure this outâ€ ğŸ¤”

2. Confidence rapidly wanes ğŸ˜³

3. Questions entire career ğŸ˜µâ€ğŸ’«

4. Swears the entire world is against me ğŸ’€

5. â€œOh it was just a typoâ€ *phew* ğŸ˜…

6. ""Iâ€™m a debugging goddess"" ğŸ¤©

And repeat ğŸ” 


#programming
#coding
#Python",273,#programming #coding #Python,3.0,"ğŸ¤”, ğŸ˜³, ğŸ˜µâ€ğŸ’«, ğŸ’€, ğŸ˜…, ğŸ¤©, ğŸ”",7.0,15089,47,170,0,0.0144,What goes on in my brain 
2022-02-08 13:10:26+00:00,3 months ago,My favorite Excel shortcut of all time â¤ï¸,"My favorite Excel shortcut of all time â¤ï¸

(Because Excel deserves some love too ğŸ¥°)

When you need to autofill a blank column in a spreadsheet that has tens, hundreds or thousands of rows ğŸ‘‡ğŸ¼

1ï¸âƒ£ Go to the first filled cell in your column with the value or formula you want to drag down
2ï¸âƒ£ Toggle left or right to the next column over that is fully populated
3ï¸âƒ£ Ctrl +  down to get to the bottom of that filled column
4ï¸âƒ£ Toggle back to the empty column to get to the last (blank) row/cell of it
5ï¸âƒ£ Leave any character in that last cell as a marker for where your autofill should stop
6ï¸âƒ£ Ctrl + up to get back up to the last filled cell in this column
7ï¸âƒ£ Ctrl + shift + down to highlight all cells down to your marker
8ï¸âƒ£ Ctrl + D to autofill down to your marker (no more filling too far!)

If you find dragging down or even double clicking with your mouse too cumbersome, or if youâ€™re someone like me who feels very strongly about not using your mouse when using Excel (shout out old EY coworkers for instilling this in me), give this a try ğŸ’¡

#exceltips
#exceltutorial
#dataanalytics",1071,#exceltips #exceltutorial #dataanalytics,3.0,"â¤ï¸, ğŸ¥°, ğŸ‘‡ğŸ¼, ğŸ’¡",4.0,890,8,27,0,0.0393,My favorite Excel shortcu
2022-02-03 13:07:58+00:00,3 months ago,Things data analysts love:,"Things data analysts love:
Getting our hands dirty with messy data, developing our data communication skills, picking the perfect dashboard color palette, R, Excel

Things data analysts hate:
Getting our hands dirty with messy data, developing our data communication skills, picking the perfect dashboard color palette, R, Excel

Tell me Iâ€™m wrong ğŸ™„


#dataanalytics
#datavisualization
#R",377,#dataanalytics #datavisualization,2.0,ğŸ™„,1.0,35070,71,377,0,0.0128,Things data analysts love
2022-02-01 13:13:14+00:00,3 months ago,My toxic trait (part 2):,"My toxic trait (part 2):

Beginning my first sentence with â€œSoâ€¦â€ instead of literally any other more meaningful word in the English language ğŸ™ˆ

Years ago in a public speaking activity, someone pointed this out and ever since, Iâ€™ve noticed how commonplace it is in academic and corporate settings to start our answers or opening sentences with the word â€œso,â€ especially for presentations ğŸ¤”

*So* this is just my friendly reminder today that unless used to mean â€œthereforeâ€ or â€œvery,â€the word â€œsoâ€ should be treated as a filler word just like umm, like, right, etc. ğŸ‘

#publicspeaking
#communication
#personaldevelopment",608,#publicspeaking #communication #personaldevelopment,3.0,"ğŸ™ˆ, ğŸ¤”, ğŸ‘",3.0,2915,18,25,0,0.0148,"My toxic trait (part 2):
"
2022-01-26 13:58:01+00:00,3 months ago,"The Dunning-Kruger effect, as explained by my SQL learning journey:","The Dunning-Kruger effect, as explained by my SQL learning journey:

The first time I learned that SQL is just â€œSELECT.. FROM.. WHERE..â€ I thought â€œhow hard can this be?â€ ğŸ¤·ğŸ»â€â™€ï¸Â 

The first time I wrote a SQL query without having to look anything up, I thought â€œIâ€™m getting the hang of this thingâ€ ğŸ˜¯

The first time I used a subquery, I thought â€œthis SQL thing is so easyâ€ ğŸ˜

The first time I used a join, I thought â€œIâ€™ve mastered SQLâ€ ğŸ¤©

The first time I used a CTE, I thought â€œmaybe there are a few more things I need to learnâ€ ğŸ¤”

The first time I used window/analytical functions, I thought â€œI might have underestimated SQLâ€ ğŸ˜¬

The first time I ran a cursor, used a stored procedure, executed a transaction, optimized a query using indexes, learned data modeling concepts, etc. I thought â€œI actually know very little about SQLâ€ ğŸ˜–

The first time I realized Iâ€™d been learning just one dialect of SQL and that there are many more out there to know, I realized I know nothing at all, and thatâ€™s ok ğŸ˜Œ

#sql #dataanalytics #codinglife",1013,#sql #dataanalytics #codinglife,3.0,"ğŸ¤·ğŸ»â€â™€ï¸, ğŸ˜¯, ğŸ˜, ğŸ¤©, ğŸ¤”, ğŸ˜¬, ğŸ˜–, ğŸ˜Œ",8.0,98656,125,1127,0,0.0127,The Dunning-Kruger effect
2022-01-19 13:43:49+00:00,4 months ago,"They say that if a data professional is looking at housing data, they are either a) Learning beginner machine learning models or b) In the market for their own houseâ€¦ In my case, itâ€™s c) All of the above.","They say that if a data professional is looking at housing data, they are either a) Learning beginner machine learning models or b) In the market for their own houseâ€¦ In my case, itâ€™s c) All of the above.

Kaggleâ€™s housing price datasets were my starting point, but I soon realized I wanted this to actually be applicable and useful for my personal lifeâ€“namely, I wanted to be able to use this for my own home search. Since none of the datasets in Kaggle had prices for homes in the Northern Virginia area, I scraped my own data from Zillow listings and then got to work.

The goal of this project was to use Python throughout the course of this entire project, making this the first one where Iâ€™ve used Python end-to-end: loading, cleaning, transforming, visualizing and building of 6 different regression models. It made for some long nights of Stack Overflow and debugging code that was breaking because of syntax errors, but it was all worth it.

Most important takeaways (besides the fact that the DMV is very very expensive):

ğŸ’¡ The median home price for homes of at least 3 bedrooms and 2 bathrooms in Northern Virginia was $1.01m (!)
ğŸ’¡ Great Falls, Vienna and Arlington had the highest median home prices while Centreville, Reston and Sterling had the lowest median prices
ğŸ’¡ Great Falls, Vienna and Arlington had the highest median home sizes by square foot while Centreville, Reston and Sterling had the lowest median sizes
ğŸ’¡ Buyers pay the most per sqft for homes in Arlington, McLean and Vienna, while Manassas, Annandale and Ashburn had the â€œbest bang for your buckâ€ in terms of price/sqft
ğŸ’¡ Using an Elastic Net Regression model, a homeâ€™s price is expected to increase by $226.60 for each additional square foot, by $65.7k for each additional bathroom, by $29.3k for each additional bedroom, and by $4.60 for each dollar increase in the median income of the city where the home is located.

And thatâ€™s a wrap on the first episode of ML Learns ML! Please visit the link found in the comments below to see the full project and write-up in my Github. Thank you in advance for any and all feedback ğŸ™

Update: At the end of this project, I signed on my first home ğŸ¥³

#machinelearning #python #datascience",2194,#machinelearning #python #datascience,3.0,"ğŸ’¡, ğŸ’¡, ğŸ’¡, ğŸ’¡, ğŸ’¡, ğŸ™, ğŸ¥³",7.0,37116,43,175,0,0.0059,They say that if a data p
2022-01-14 13:24:34+00:00,4 months ago,The number of times my Monday-self has thanked my Friday-self for commenting code before the weekend  ğŸ˜…,"The number of times my Monday-self has thanked my Friday-self for commenting code before the weekend  ğŸ˜…

#codinglife #python #dataanalytics",137,#codinglife #python #dataanalytics,3.0,ğŸ˜…,1.0,2206,10,52,0,0.0281,The number of times my Mo
2022-01-11 13:14:57+00:00,4 months ago,The feminine urge to put exclamation marks at the end of every other sentence in all forms of my written communicationâ€¦,"The feminine urge to put exclamation marks at the end of every other sentence in all forms of my written communicationâ€¦

In my head, I come across as rude, aggressive, not nice enough, or god forbid, firm, if I donâ€™t do so. Itâ€™s part of how Iâ€™ve been socially conditioned as a woman to want to always seem warm and likable, especially in professional settings.

But Iâ€™m putting an end to my exclamation abuse in 2022. Starting with this post. 

So LinkedIn fam, please call me out if you ever catch me using !â€™s more than once in any of my messages, posts or comments on here ğŸ™

#careerdevelopment  #communication #womenintechnology",624,#careerdevelopment #communication #womenintechnology,3.0,ğŸ™,1.0,4717,5,47,0,0.011,The feminine urge to put 
2022-01-06 17:07:11+00:00,4 months ago,â€œTry not crossing lanes and disciplines if youâ€™re just a business major learning tech all day.â€,"â€œTry not crossing lanes and disciplines if youâ€™re just a business major learning tech all day.â€

With my last post about late-night coding, I received so many supportive responses saying how they can relate, how itâ€™s actually a sign of passion, and tips for much-needed mental resets.

But the above advice, while probably well-meaning, was the comment that stuck with me the most.Â 

Honestly probably not the best advice to give someone who was once non-technical but has now made a career switch into a technical field she absolutely loves.

I get it thoughâ€”I told myself the same thing back when I thought the field I went to school for was the one I'd stay in forever, thought Iâ€™d never code (or do anything STEM-related) because I â€œjust didnâ€™t get it,â€ and overall never bothered trying hard things.

But these days, Iâ€™m so glad I botheredâ€”and so glad I never followed any advice (not even my own) to â€œstay in my lane.â€

Steer into unknowns and cross all the lanes, even when you or anyone else thinks you canâ€™t.

#careerintech #womenindata #careerchange",1045,#careerintech #womenindata #careerchange,3.0,,0.0,5058,15,41,0,0.0111,â€œTry not crossing lanes a
2021-12-29 19:51:58+00:00,4 months ago,My toxic trait:,"My toxic trait:

Staring at a computer screen debugging code until 10:30 pm, swearing Iâ€™ll figure it out if I try just one more thing from Stack Overflow, shutting it down in frustration at 10:45 pm, still coding in my head as Iâ€™m getting ready for bed, and wondering why I canâ€™t fall asleep by 11 pm each nightâ€¦

â€¦and then figuring it out within 5 minutes of starting fresh the next day.

Cheers to leaving behind our toxic traits in 2022! ğŸ¥³

#codinglife #programming #python #dataanalytics",483,#codinglife #programming #python #dataanalytics,4.0,ğŸ¥³,1.0,413260,237,3257,0,0.0085,My toxic trait:
2021-12-16 22:25:06+00:00,5 months ago,"Officially finished my first post-graduate course today (with an A!), and here are some things it taught me, about both Linear Algebra and myself:","Officially finished my first post-graduate course today (with an A!), and here are some things it taught me, about both Linear Algebra and myself:
Â 
1. Oh how I've missed math and how I can just sit down for hours on end, scratching away on a physical piece of paper, crunching numbers until I've found the right answer or solved the puzzle. But I cannot say the same about timed, graded examsâ€¦
Â 
2. Iâ€™ve always found math fun, but also always thought Iâ€™d never see high-level math in the real world. But beyond engineering, apparently Linear Algebra has so many applications in economics, chemistry, and physical network flows as seen in circuit design and transportation systems!
Â 
3. Although I was good at high school math classes, I never went beyond Calculus 1 because I used to be so afraid of challenges and potentially not being good anymore at the â€œnext level,â€ especially when it came to highly technical and STEM-related courses (fixed mindset AF). 2021 has been the year where I picked up coding AND a real college-level math classâ€“all of which I never ever thought Iâ€™d do had you asked me just last yearâ€“thus proving to myself once and for all that I can indeed accomplish hard things that push me beyond my comfort zone (finally catching onto this growth mindset thing).
Â 
4. The greatest irony/tragedy is that I never appreciated learning when I was a full-time student (aka when my only real responsibility was to learn). I remember being so excited to graduate because I thought it meant Iâ€™d be done with learning. And now, when I have so many other real-world responsibilities on my plate, I look forward to any opportunity to be a student again (the grass apparently isnâ€™t greener on the other side!) Which leads me toâ€¦
Â 
5. The best kind of learning is the continuous kind. Whether itâ€™s done in a structured, classroom setting, through reading in my free time or a MOOCâ€“learning and being a knowledge-soaking student again has given me such a renewed sense of purpose because thereâ€™s never a finish line. The more you do it, the more â€œnext levelsâ€ you unlock. And at each level, I was right that you may not be very good when you first start out. But maybe, just maybe, being a beginner, being challenged and doing hard things are the best (Christmas) gifts we can give to ourselves!Â 
Â 
Next upâ€¦Calculus 2! When Iâ€™m pulling my hair out with differential equations and parametric equations, Iâ€™ll be sure to refer back to my own takeaways above ğŸ™ğŸ»

PS: Read Mindset by Carol Dweck. Life changing stuff.

#learning #continuouslearning #growthmindset #personaldevelopement",2573,#learning #continuouslearning #growthmindset #personaldevelopement,4.0,ğŸ™ğŸ»,1.0,3887,0,33,0,0.0085,Officially finished my fi
2021-12-02 23:54:38+00:00,5 months ago,"New month, almost a new year, new headshot ğŸ“¸","New month, almost a new year, new headshot ğŸ“¸

I wanted to take this opportunity to reintroduce myself to all the new (and old) connections here on LinkedIn ğŸ‘‹

My name is Megan and I'm a lover of all things data! I consider myself extremely lucky to be able to work with data on a daily basis as a current Senior Associate doing Analytics & Data Strategy, but I didn't always know ""what I wanted to be when I grow up.""

After graduating from the University of Virginia studying Business and Finance (because that's what all my friends were studying), I spent the first two years post-grad in denial that being an adult was for the rest of my life. Those first two years were filled with a lot of countdowns to Fridays, Sunday Scaries, and an overall passionless existence. For some reason, I thought this arrangement was temporary--that one day I'd be hit with a wave of inspiration and ""adulting"" would just click.

Things had to get a lot worse before I realized that life doesn't just click on its own--you have to put yourself out there, try new and challenging things, and not be afraid of rejection/failure to reach that aha! moment(s). And for me, that moment came in the form one fateful project using Power BI, which led to countless online courses, then dozens of interviews, and eventually to where I am today.

When I discovered my love for data, I discovered along with it the stories it can tell, the problems it can solve, and the people it can connect. But I also found something new in me through data--a side of me that never wanted to stop learning, and always wanted to tackle obstacles head on, rather than shy away from challenges like I always had before.

I started waking up earlier, reading for pleasure, volunteering to take on more responsibilities than just what was required of me at work, and even signed up for Linear Algebra and Multivariable Calc courses at my local community college (!)--all of these things would be unrecognizable to the old, complacent me from just a few months prior.

So in a way, this picture is more than just a new headshot; it symbolizes a new Megan ğŸ™

Moral of the story: If you're a new grad/adult and feeling lost, rest assured it gets so much better.

#continuouslearning #dataanalytics #analytics #careers",2252,#continuouslearning #dataanalytics #analytics #careers,4.0,"ğŸ“¸, ğŸ‘‹, ğŸ™",3.0,13312,14,163,0,0.0133,"New month, almost a new y"
2021-11-23 19:31:24+00:00,6 months ago,"Last week I stepped foot in an office for the first time since March 2020, and for the first time since joining Ankura.","Last week I stepped foot in an office for the first time since March 2020, and for the first time since joining Ankura.

I never would have imagined being excited to come back to an office at the beginning of this pandemic (I'm a major homebody), but these days I really cherish the opportunities I get to meet face-to-face with my new coworkers.

As someone who was in the last graduate class to have started in a non-remote environment, I spent 7 months taking for granted human interactions and relationships in the workplace before offices shut down.

Then during the pandemic, there were so many times when I'd feel so alone--spinning my wheels on problems I didn't want to ping my coworkers about out of fear of being annoying, not being able to destress with teammates during lunch breaks, etc.

So when I started remote at Ankura, I made it a goal to take advantage of as many opportunities to meet new people as possible, even when it scared me (I'm also a major introvert).

But every time I did, I never regretted it. Building and maintaining authentic relationships is always worth it, and it took a pandemic for me to finally realize that.

#returntowork #relationshipbuilding #networking",1189,#returntowork #relationshipbuilding #networking,3.0,,0.0,9734,4,120,0,0.0127,Last week I stepped foot 
2021-10-09 20:29:59+00:00,7 months ago,"They say the best way to learn data skills is through real-world projects, and the best real-world projects are the ones you actually find interesting!","They say the best way to learn data skills is through real-world projects, and the best real-world projects are the ones you actually find interesting!

Those who know me outside of work know powerlifting is passion of mine. I am a competitor and Virginia State referee (soon to be National referee), and love giving back to the sport in my free time.

The following dashboards show stats from the Virginia State Championships this past May, where I served as a referee judging the 200 competitors who each competed in the squat, bench and deadlift events across the 2-day meet.

Having witnessed the event's action in person at the time, I then wanted to take a step back to analyze the overall meet data to examine the following using Tableau:
ğŸ’¡ Competitor pool profile, broken out by age, weight classes, equipment used, gender and the states they represented
ğŸ’¡ Results of the event, on an individual and weight-class-averaged basis, measured in Goodlift Points (which measures an individual's strength, normalized for his/her bodyweight, gender and whether the individual lifted raw or equipped)Â 
ğŸ’¡ Results of the event again, but measured in DOTS (a different measure commonly used, but only normalizes for his/her bodyweight and gender)
ğŸ’¡ Individual attempts by all competitors across all 3 lifts, showing which attempts were good lift (e.g. successful attempt) or no lift (e.g. failed attempt)

I had actually started this project using Power BI but ran into limitations when I was trying to visualize the Attempts dashboard using independent line graphs for each data point across a categorical x-axis (e.g. attempts 1, 2 and 3 for each lift). But that made for a great learning process in both visualization tools!

Overall, this was such a fun way to apply what I've learned in my data analytics journey so far to a passion project of mine. Please check out the dashboards in detail in the link below, and feel free to provide any feedback for improvements to them!

https://lnkd.in/eqczEzRN

#dataanalytics #dataanalysis #visualization #tableau #powerbi #data",2052,#dataanalytics #dataanalysis #visualization #tableau #powerbi #data,6.0,"ğŸ’¡, ğŸ’¡, ğŸ’¡, ğŸ’¡",4.0,5005,4,54,0,0.0116,They say the best way to 
2021-09-06 11:10:08+00:00,8 months ago,"Amazing to see how the intersection of analytics and relationships at work (two things you donâ€™t often think would intersect) can be used to reveal insights about who, when and how often companies should bring back employees to the office.","Amazing to see how the intersection of analytics and relationships at work (two things you donâ€™t often think would intersect) can be used to reveal insights about who, when and how often companies should bring back employees to the office.

With all of that being so up in air for many of us in the present, and the results of those decisions having such large and emotional potential impacts on us in the near future, I believe those questions shouldnâ€™t be left up to chance or just â€œbecause I say so.â€",501,,0.0,,0.0,548,0,1,0,0.0018,Amazing to see how the in
2021-08-31 20:14:23+00:00,9 months ago,This past Friday I had the opportunity to speak at the Center for Business Analytics (CBA) at UVA's McIntire School of Commerce 's Careers in Business Analytics finance panel. I was so grateful for the chance to share what Iâ€™d learned from the data analytics job search process I had just gone through.,"This past Friday I had the opportunity to speak at the Center for Business Analytics (CBA) at UVA's McIntire School of Commerce 's Careers in Business Analytics finance panel. I was so grateful for the chance to share what Iâ€™d learned from the data analytics job search process I had just gone through.

I had learned so much about job applications, resumes, pivoting to a new field, learning new technical skills and networking during a tough job search, and I was dying to share my experiences with anyone who could get any value out of them.

But while I was excited, I also truthfully felt so much imposter syndrome. My fellow panelists were CDOâ€™s, VPâ€™s, founders, senior directors and managers, you name it, all with at least a decade or two more experience in the field than I have. Who was I, at 3 weeks into my first ever analytics job, to give advice about the field?

To calm myself down from the nerves, I treated the event as a learning experience. In many of the conversations, I was another one of the attendees in the audience, soaking in all the wisdom these titans of the industry had to share.

Despite the imposter-syndrome-induced hesitations and public speaking fears, I would not have traded this experience for anything. Not only did I get to give back to the institution, UVA McIntire School of Commerce, that started all of this for me in the first place, I met movers and shakers in the field, and also discovered how rewarding it was to be able to act as a resource to those whose shoes I was in just a few months ago.

A big thank you to Amanda Morris, PMP, Trey Maxham, Sarah Rogis and Lanfei Shi for putting on this amazing event, and considering little old me to be part of it this year.

#dataanalytics #analytics #analyticsjobs #wahoowa",1757,#dataanalytics #analytics #analyticsjobs #wahoowa,4.0,,0.0,2833,9,32,0,0.0145,This past Friday I had th
2021-08-24 23:03:55+00:00,9 months ago,"I started the Google Coursera Data Analytics Professional Certificate at the beginning of my job search, when I just started to explore the field of #dataanalytics. I needed a refresher of some concepts learned in school, but I got so much more than that out of this experience!","I started the Google Coursera Data Analytics Professional Certificate at the beginning of my job search, when I just started to explore the field of #dataanalytics. I needed a refresher of some concepts learned in school, but I got so much more than that out of this experience!

Not only were the courses filled with amazing resources to build an analytics skillset--including working with spreadsheets, SQL, Tableau and R--but were also packed with so much great information on the actual process of building an analytics career, from how to build my presence in the community, to constructing a portfolio, to navigating the job search process.

While I was fortunate enough to start my first position in analytics at Ankura prior to completing the certificate (and have already begun to apply the concepts just 3 weeks in!), I know my learnings from the past few months have prepared me for an exciting rest of my career to come.

#analytics #googledataanalytics #googlecertification #growwithgoogle #coursera #datascience",1019,#dataanalytics #analytics #googledataanalytics #googlecertification #growwithgoogle #coursera #datascience,7.0,,0.0,1254,0,12,0,0.0096,I started the Google Cour
2021-08-09 14:00:50+00:00,9 months ago,Super excited to begin my next chapter today at Ankura as a Senior Associate on the Analytics and Data Strategy team!,"Super excited to begin my next chapter today at Ankura as a Senior Associate on the Analytics and Data Strategy team!

A few months ago, I thought the switch from finance to data analytics was going to be nearly impossible. With each ""no""/""unfortunately""/""we regret to inform you"" (and there were so many), I reminded myself that every rejection was redirection. In the end, that really turned out to be true as I found myself deciding between three offers, and ultimately choosing the opportunity that I think was meant for me all along throughout the challenging career-change process.

Many thanks to Nancy (Taormina) Ashker, Jason Chen, CPA, CFE and Komal Gupta for your support during the interview process. To Joseph N. Hoang, CFE, Elizabeth Cordaro, Mike Rinaldi and Susie Jang, thank you for this exciting opportunity to begin my career in data analytics!

#Ankura #newjob #newbeginning #dataanalytics #analyticsstrategy #grateful",932,#Ankura #newjob #newbeginning #dataanalytics #analyticsstrategy #grateful,6.0,,0.0,6533,11,90,0,0.0155,Super excited to begin my
2021-07-13 01:27:26+00:00,10 months ago,My first real post here on LinkedIn!,"My first real post here on LinkedIn!

Yesterday was a bittersweet end to my 2 years at EY. I've been so grateful for the company that took me in as an intern and then again fresh out of college, and taught me so much about not only transaction valuations, but also about myself (as cheesy as it sounds). For that, there is a list of way too many people to thank.

And for everyone who has answered my questions, interviewed me, connected with me and/or helped me in any way during the past few months of a career transition that was filled with as many  opportunities as it was rejections, I am truly grateful.

As I look ahead to the next chapter of my career at Ankura doing data analytics, a field I've long considered to be a far off dream, I also reflect fondly on all these people and experiences who have brought me here today.",828,,0.0,,0.0,18003,14,131,0,0.0081,My first real post here o
2021-07-06 21:25:10+00:00,11 months ago,"Took a lot longer than expected to complete the first part of this highly-reviewed course from #GoogleDataAnalytics #Coursera, but I'm excited to tackle the rest of the lessons in as I begin to pursue my career in #DataAnalytics !","Took a lot longer than expected to complete the first part of this highly-reviewed course from #GoogleDataAnalytics #Coursera, but I'm excited to tackle the rest of the lessons in as I begin to pursue my career in #DataAnalytics !",230,#GoogleDataAnalytics #Coursera #DataAnalytics,3.0,,0.0,2968,12,36,0,0.0162,Took a lot longer than ex
